03-08-19 4:28,RT @lunajungStore: ????????????????????? ?????????????????????????????????? #??????????? https://t.co/numqT08y9C
03-08-19 4:03,RT @lunajungStore: ????????????????????? ?????????????????????????????????? #??????????? https://t.co/numqT08y9C
02-08-19 14:20,RT @lunajungStore: ????????????????????? ?????????????????????????????????? #??????????? https://t.co/numqT08y9C
02-08-19 14:17,RT @lunajungStore: ????????????????????? ?????????????????????????????????? #??????????? https://t.co/numqT08y9C
02-08-19 13:57,RT @_Girlish: #??????????? ????????????????????? ??????????????????????????? ?????????????????????????????? ???????????????????????????????…
02-08-19 13:47,RT @_Girlish: #??????????? ????????????????????? ??????????????????????????? ?????????????????????????????? ???????????????????????????????…
02-08-19 13:46,RT @lunajungStore: ????????????????????? ?????????????????????????????????? #??????????? https://t.co/numqT08y9C
02-08-19 13:43,#??????????? ????????????????????? ??????????????????????????? ?????????????????????????????? ?????????????????????… https://t.co/lvqecB51ZW
02-08-19 13:39,????????????????????? ?????????????????????????????????? #??????????? https://t.co/numqT08y9C
02-08-19 12:33,?????????????????? ????????????????? ??????????????????????? ???????? ?????????????????????????? ???? ?????????????… https://t.co/t3ak1PJ3Zj
02-08-19 10:58,???????????????? #???? ???????? ??????????????? #??????????? ??? #?????? ??? ..??| #?????????? https://t.co/9YJGxpbtqD
02-08-19 8:51,?????????????????????????????????????? ???????????? ??????????????????????????????? ????????????????? ?????????????… https://t.co/RR4IJlK7LW
02-08-19 6:57,??????????????????????? ????????????????????????? ?????????????? ?????????????????????????????????? ??????????????… https://t.co/v9DjYRCGEH
02-08-19 6:45,@Thailand_Post #??????????? ???????????????????????????????????????????????????????????????????????????????????????… https://t.co/Z30VjQZqEp
02-08-19 6:18,RT @Poo4ky: ???????????????????????? #??????????? 5555555 ??? #KerryExpress ????????????? https://t.co/cdbiC7AQ5p
02-08-19 5:36,??????????????? #Kerry ??????????????????? #??????????? ??????
02-08-19 5:31,RT @Tatdaohocham: ??????????????????????????????????????????????????????1??????????????????????? ??????????????????????????????????????????…
02-08-19 2:18,RT @jejajanuary: ??????????????????????? #KerryExpress ??? #??????????? ??????? ???????????????????????????????????????????????????????? ?…
02-08-19 1:15,RT @Chaveenart_Note: EN971442465TH ???????????????? ???????????????????????????????????????????? #??????????? https://t.co/4IAu83s11D
01-08-19 12:08,#??????????? ???ems??????????????????7???? ??????????24?.?. ????????????????? ?????????? 1?.?. ???????????4???? ????????????????????
01-08-19 11:20,???????????????????????????????? ????????????????????????????????????????? ???????call center ?????????????????????… https://t.co/mjsBjgMdNz
01-08-19 11:18,@Thailand_Post ???????????????????????????????????????????????????????????????????????????????5555 ???????????????… https://t.co/1svValGZkj
01-08-19 10:04,"#??????????? ??????????????????????????????? ""???????????... ???????????????? ??????????"" ?? 2562 ?????????????????… https://t.co/2Bw9osxN0S"
01-08-19 8:52,??????????????????????????????????????????????????????1??????????????????????? ????????????????????????????????????… https://t.co/KL2U85CW5x
01-08-19 7:37,@Thailand_Post  ?????????????????????????????????? ?????? ? ???????????? ????????????????????????????????????? (???… https://t.co/Y2rWfTzhLC
01-08-19 4:33,"RT @Thailand_Post: ????????????????????? ???..??????????????????????????????…????????? ""136 ?? ????????????????? Post@Heart"" ??????????????…"
01-08-19 3:24,"????????????????????? ???..??????????????????????????????…????????? ""136 ?? ????????????????? Post@Heart"" ?????????… https://t.co/y4CXvqproF"
01-08-19 1:12,RT @Chaveenart_Note: EN971442465TH ???????????????? ???????????????????????????????????????????? #??????????? https://t.co/4IAu83s11D
01-08-19 0:40,????????????????? #???????????  ????????????????? https://t.co/kCAhdTfEAf
01-08-19 0:39,???????????????????????????27 ?????? 30 ?????? 31 #???????????  ????????????????????? ???????????????????? ???????… https://t.co/YCUTRMCfvb
31-07-19 14:52,RT @myonghoon_: ??????????????????.????????????????????????? ????????????????????? ?????????????????????????????????? 14 ???? ??????10????…
31-07-19 13:53,10 ????????... ?????????????????????? ???????????????? 5555555. #??????????? https://t.co/e744p0mCg1
31-07-19 11:11,RT @PusVGlSlJ09mjwM: ??????????????????????? ????????????????????????? ?????????3??. 
31-07-19 10:30,"??ems????????????????????????? ???.??????????????????. ?????????????????????? ""???xxx?????????????????????????????… https://t.co/JOBhcJtIGQ"
31-07-19 10:27,RT @meennothing: ??????? ??? #??????????? ????????????? ????????? #KerryThailand ??? ????????????????????????? ??????????????????????? ???…
31-07-19 8:39,??? ????????????? #??????????? ???????? ?????????????????? ??????????????????????? A ???????? ????????????????????… https://t.co/JSqg3dy9Qg
31-07-19 6:44,RT @Chaveenart_Note: EN971442465TH ???????????????? ???????????????????????????????????????????? #??????????? https://t.co/4IAu83s11D
31-07-19 5:50,RT @Chaveenart_Note: EN971442465TH ???????????????? ???????????????????????????????????????????? #??????????? https://t.co/4IAu83s11D
31-07-19 4:48,RT @Chaveenart_Note: EN971442465TH ???????????????? ???????????????????????????????????????????? #??????????? https://t.co/4IAu83s11D
31-07-19 4:48,RT @Chaveenart_Note: @nanciiberry ????????????? #??????????? ????????????????????????? ???????????? ??????????????????  ??????????????
31-07-19 4:48,RT @Chaveenart_Note: ????? ?????????????????????????? ???????????? #??????????? ??? ?????????????????? ????????????????? ?????????????????…
31-07-19 4:48,RT @Chaveenart_Note: EN971442465TH ???????????????? ???????????????????????????????????????????? #??????????? https://t.co/4IAu83s11D
31-07-19 3:51,RT @Chaveenart_Note: EN971442465TH ???????????????? ???????????????????????????????????????????? #??????????? https://t.co/4IAu83s11D
31-07-19 3:26,RT @Chaveenart_Note: EN971442465TH ???????????????? ???????????????????????????????????????????? #??????????? https://t.co/4IAu83s11D
31-07-19 3:23,RT @Chaveenart_Note: EN971442465TH ???????????????? ???????????????????????????????????????????? #??????????? https://t.co/4IAu83s11D
31-07-19 2:53,@nanciiberry ????????????? #??????????? ????????????????????????? ???????????? ??????????????????  ??????????????
31-07-19 2:46,??????????????? ??????????????????????????????????????? ??????????????????????????????????????????????????????????????????  
31-07-19 2:43,????? ?????????????????????????? ???????????? #??????????? ??? ?????????????????? ????????????????? ??????????????????????????
31-07-19 2:40,RT @Chaveenart_Note: EN971442465TH ???????????????? ???????????????????????????????????????????? #??????????? https://t.co/4IAu83s11D
31-07-19 2:33,RT @Chaveenart_Note: EN971442465TH ???????????????? ???????????????????????????????????????????? #??????????? https://t.co/4IAu83s11D
31-07-19 2:24,EN971442465TH ???????????????? ???????????????????????????????????????????? #??????????? https://t.co/4IAu83s11D
31-07-19 1:48,RT @Poo4ky: ???????????????????????? #??????????? 5555555 ??? #KerryExpress ????????????? https://t.co/cdbiC7AQ5p
30-07-19 16:46,RT @SN_920618_: ????????????????????????????????????????????????? 2-3 ??? ???? 30-40 ???? ???????????? ????????????????????????????????????…
30-07-19 16:25,RT @SN_920618_: ????????????????????????????????????????????????? 2-3 ??? ???? 30-40 ???? ???????????? ????????????????????????????????????…
30-07-19 8:47,RT @Chaveenart_Note: ??????????????????????? ?????????????????????????????? ?????????????????????????????? ?????????????? ???????? ????????…
30-07-19 8:33,RT @SN_920618_: ????????????????????????????????????????????????? 2-3 ??? ???? 30-40 ???? ???????????? ????????????????????????????????????…
30-07-19 8:29,??????????????????????? ?????????????????????????????? ?????????????????????????????? ?????????????? ???????? ?????… https://t.co/Trl7Uupxuq
30-07-19 7:47,?????????.??????????????????????????????????????????????????? ?????????????????????????????????????????????????????… https://t.co/0LH9HBX0jS
30-07-19 7:47,????????????? 23 ???????????????????????????????????? ??? #??????????? @Thailand_Post
30-07-19 6:52,RT @SN_920618_: ????????????????????????????????????????????????? 2-3 ??? ???? 30-40 ???? ???????????? ????????????????????????????????????…
30-07-19 6:44,RT @SN_920618_: ????????????????????????????????????????????????? 2-3 ??? ???? 30-40 ???? ???????????? ????????????????????????????????????…
30-07-19 6:33,????????????????????????????????????????????????? 2-3 ??? ???? 30-40 ???? ???????????? ????????????????????????????… https://t.co/3RA07Wn0K3
30-07-19 2:13,RT @Poo4ky: ???????????????????????? #??????????? 5555555 ??? #KerryExpress ????????????? https://t.co/cdbiC7AQ5p
29-07-19 7:11,????????????????????????  ?????????????????????? ?????????????????? ????3??. ??.????????????ems ??????????????? 120… https://t.co/OBjjmumoQY
28-07-19 18:55,RT @JayYutt: ?? ?????????? ???? #??????????? https://t.co/MbkFTVPh2G
28-07-19 15:46,??????????????????????? #???????????
28-07-19 13:10,RT @JUNGKOOK_FN: ????? #??????????? ??? ??? RT ??????????????????????????? ???????????????? ??????????????????????????????? ???????????????…
28-07-19 11:20,RT @JUNGKOOK_FN: ????? #??????????? ??? ??? RT ??????????????????????????? ???????????????? ??????????????????????????????? ???????????????…
28-07-19 11:12,?????????????????????????????  ?????????2????????????????????? ??????? #??????????? ???????????????????????? ??????… https://t.co/khtEtMRl2e
28-07-19 9:55,RT @JUNGKOOK_FN: ????? #??????????? ??? ??? RT ??????????????????????????? ???????????????? ??????????????????????????????? ???????????????…
28-07-19 2:01,?????????????????????????????????? ??????9??????????????????? ????????????????????????? ??????????????????? ????????????#??????????? #Ems
28-07-19 0:56,?????????????????????????? ??????????
28-07-19 0:25,RT @siamrathonline: ??????????? ????????????????????????????????????? ?.10??????????????????????? 67 ????? | ??????? https://t.co/1jaevqWhU…
27-07-19 11:32,??????????????????????? ???????????? #??????????? https://t.co/EyrPc4gKCX
27-07-19 10:30,??????? ???????????????????? ??????????????????????????? ?????????3???????????????????????????????????? ???????????… https://t.co/myfaq3sCpa
27-07-19 9:46,???????????????????????????????BARCODE????????QR CODE??????????????????????????????????? ????????????? ????????????… https://t.co/G5j3K3LTb8
27-07-19 8:42,????VT????????? #??????????? ??????????????????? ?????????????????????????????????????? ??????????? ??????????????… https://t.co/D8Bw4psq2Y
27-07-19 4:54,"RT @WatchdogAct: ?????????? 7.1 ???? ?????????????????????????????????????????????????? ?????????????????????????????????????????? 50,000 ?…"
27-07-19 1:57,?????????? 7.1 ???? ?????????????????????????????????????????????????? ?????????????????????????????????????????? 5… https://t.co/mpiCgVuQnz
26-07-19 17:38,#??????????? ???????????? ??????????? ?????????????????????????????????????? ????????????????????????? ????????????… https://t.co/zL9bRhzfP5
26-07-19 7:50,??? ????????????????????????????????? ????????????? ???????????????????????? ???????-??????? ????
"#??????????? https://t.co/wyqogEA9QU""",
26-07-19 5:20,RT @pkbbbambam: #??????????? ??????????????12 ????????? ?????????????????????????????????? ???????????????????????? ??????????????????????…
26-07-19 4:59,#??????????? ??????????????12 ????????? ?????????????????????????????????? ???????????????????????? ???????????????… https://t.co/n7fuqywdDT
26-07-19 3:49,"RT @mo_Ok_rfc: ?????!!!! ??????????????????????????????????????????????? ??????????????????????????? BTS ????????????? ??? ??????????????…"""
25-07-19 15:46,?????? ?????? #??????????? https://t.co/TRuisBzG2Q
25-07-19 9:58,RT @siamrathonline: ??????????? ????????????????????????????????????? ?.10??????????????????????? 67 ????? | ??????? https://t.co/1jaevqWhU…
25-07-19 9:54,??????????? ????????????????????????????????????? ?.10??????????????????????? 67 ????? | ???????… https://t.co/yQ8lcuGWeX
25-07-19 9:47,???????????????????????? ????????????????????????????????????? ?????????????
25-07-19 9:11,???????????????????? ????????? ?? ??????????????????????? ?? ????? ???????????????????????????? ?? ??????? ????
25-07-19 8:00,????????? ???????????? #??????????? #????????? #EMS ???????????????? ??????????? ??????????????????????????????????… https://t.co/dh0AKVqWsX
25-07-19 5:26,#??????????? ????????????????????????????????? ?????????????? ??????? ?????????????????? ???????????? ?????????????… https://t.co/LFG0TEFgh7
25-07-19 2:19,RT @Thailand_Post: ????????????????????????????? 2562 (???????????)
